user,lat,lng,timestamp
0,39.984702,116.318417,1224730384
0,39.98449,116.308638,1224730685
0,39.983726,116.299566,1224730985
0,39.995777,116.286798,1224734887
0,39.984953,116.302055,1224735187
0,39.987325,116.31007,1224735487
0,39.991035,116.313681,1224735787
0,39.993077,116.322617,1224736087
0,39.999678,116.324453,1224736387
0,40.004775,116.320158,1224754945
0,40.008921,116.321484,1224755360
0,40.009024,116.321614,1224755661
0,40.009351,116.321916,1224756124
0,40.007551,116.319732,1224756424
0,40.008118,116.318326,1224756726
0,40.007878,116.318784,1224757091
0,40.006747,116.318549,1224757595
0,40.008724,116.321395,1224757895
0,40.008761,116.323722,1224758671
0,40.008851,116.321485,1224760102
0,40.008304,116.319876,1224814199
0,40.008779,116.321862,1224814499
0,40.008951,116.322054,1224814914
0,40.008722,116.322417,1224815214
0,40.008963,116.322994,1224816091
0,40.00871,116.321586,1224816391
0,39.907414,116.370017,1225028647
1,39.984094,116.319236,1224741185
1,39.979719,116.321639,1224741489
1,39.970511,116.341455,1224757973
1,39.985546,116.326565,1224758277
1,39.992705,116.32639,1224758580
1,39.999827,116.323554,1224758881
1,40.005435,116.317756,1224759181
1,40.011178,116.312571,1224759483
1,40.016274,116.307818,1224759783
1,40.016006,116.306578,1224760087
1,40.01354,116.306489,1224762548
1,40.013824,116.306535,1224762848
1,40.013814,116.30653,1224763148
1,40.013804,116.306532,1224763448
1,40.013867,116.306473,1224805264
1,40.013139,116.308563,1224805566
1,40.009481,116.316067,1224805868
1,40.003158,116.321509,1224806171
1,39.995557,116.326479,1224806471
1,39.986647,116.326855,1224806771
1,39.979224,116.32716,1224807073
1,39.97896,116.325483,1224807639
1,39.978484,116.326845,1224812741
1,39.979685,116.318859,1224813043
1,39.980173,116.310776,1224813347
1,39.981213,116.30934,1224813649
1,39.980909,116.308171,1224815299
1,39.982334,116.308818,1224818195
1,39.979555,116.310971,1224818497
1,39.979564,116.312985,1224818800
1,39.979547,116.313528,1224819195
1,39.979423,116.313643,1224819720
1,39.979563,116.3141,1224820205
1,39.979859,116.327028,1224820505
1,39.978797,116.325444,1224820806
1,39.978824,116.325602,1224821271
1,39.977854,116.326674,1224821575
1,39.978139,116.326698,1224826085
1,39.979753,116.31779,1224826385
1,39.98142,116.310777,1224826686
1,39.982277,116.311883,1224828522
1,39.981739,116.309746,1224828822
1,39.981893,116.310912,1224829123
1,39.98013,116.3109,1224829423
1,39.979857,116.317649,1224829724
1,39.979372,116.326967,1224830025
1,40.013812,116.306483,1224891845
1,40.014117,116.306071,1224892149
1,40.016026,116.306329,1224892702
1,40.016171,116.3104,1224893006
1,40.014878,116.310862,1224893306
1,40.010504,116.312274,1224893606
1,39.999133,116.30892,1224893907
1,39.996597,116.309386,1224894558
1,39.9968,116.301353,1224894858
1,39.996152,116.295622,1224895159
1,39.996268,116.288204,1224895459
1,39.99715,116.27859,1224895759
1,40.002379,116.268083,1224896060
1,40.004818,116.25524,1224896360
1,39.996745,116.225416,1224896660
1,39.994213,116.217999,1224896996
1,39.991875,116.215344,1224897296
1,39.992404,116.210164,1224897598
1,39.992447,116.207882,1224897902
1,39.992751,116.203954,1224898202
1,39.993811,116.201048,1224898502
1,39.993729,116.199264,1224899077
1,39.995791,116.198988,1224899378
1,39.997445,116.198891,1224899678
1,39.996711,116.197081,1224900367
1,39.996876,116.196612,1224900669
1,39.99742,116.196304,1224900969
1,39.998895,116.195689,1224901469
1,40.000994,116.194339,1224901769
1,40.001933,116.192336,1224902069
1,40.003179,116.190924,1224902369
1,40.005483,116.189624,1224902669
1,40.005946,116.189001,1224902969
1,40.004543,116.185607,1224903273
1,40.003776,116.181841,1224903573
1,40.002694,116.180979,1224903873
1,40.002816,116.180751,1224904203
1,40.00361,116.177672,1224904503
1,40.003123,116.177182,1224905216
1,40.001419,116.176326,1224905519
1,40.000604,116.173387,1224905819
1,40.001123,116.171607,1224906209
1,40.001673,116.171165,1224906735
1,40.002272,116.170793,1224907038
1,40.002642,116.170704,1224907340
1,40.002621,116.169717,1224907847
1,40.002672,116.168545,1224908256
1,40.002134,116.167262,1224909111
1,40.001827,116.166868,1224909413
1,40.000898,116.166493,1224909713
1,40.000154,116.165938,1224910016
1,39.998857,116.163998,1224910317
1,39.999431,116.160621,1224910617
1,39.999151,116.158842,1224911637
1,39.998328,116.154505,1224911940
1,39.997259,116.152128,1224912240
1,39.997006,116.151082,1224913320
1,39.99515,116.147169,1224913624
1,39.993192,116.146403,1224913924
1,39.992679,116.145208,1224914514
1,39.993053,116.145397,1224916886
1,39.994345,116.147367,1224917186
1,39.997025,116.149908,1224917486
1,39.998356,116.154549,1224917786
1,39.998041,116.157191,1224918086
1,39.997797,116.160632,1224918386
1,39.996145,116.16146,1224918686
1,39.995079,116.164483,1224918986
1,39.994902,116.167649,1224919286
1,39.99377,116.16747,1224919586
1,39.995268,116.170717,1224919886
1,39.995951,116.172112,1224920186
1,39.99655,116.175284,1224920486
1,39.996874,116.17677,1224920786
1,39.996564,116.177963,1224921086
1,39.99673,116.180808,1224921389
1,39.995412,116.184289,1224921689
1,39.994931,116.187138,1224921989
1,39.99338,116.186983,1224922529
1,39.991121,116.188406,1224922829
1,39.990088,116.187272,1224923129
1,39.98982,116.186304,1224923964
1,39.989636,116.185925,1224924264
1,39.989051,116.188163,1224924564
1,39.988728,116.188312,1224925491
1,39.988959,116.188237,1224925795
1,39.98778,116.188502,1224926095
1,39.98901,116.18824,1224926395
1,39.989279,116.1906,1224926699
1,39.99047,116.192377,1224927002
1,39.991015,116.193972,1224927382
1,39.9912,116.194188,1224929242
1,39.991352,116.196447,1224929544
1,39.992253,116.198909,1224929848
1,39.991454,116.203222,1224930150
1,39.992426,116.204855,1224930452
1,39.992587,116.204914,1224930755
1,39.991928,116.21612,1224931056
1,40.002587,116.245163,1224931375
1,40.004463,116.259712,1224931675
1,39.99722,116.276768,1224931975
1,39.995824,116.288177,1224932276
1,39.998549,116.306802,1224932578
1,39.996649,116.309247,1224933001
1,40.013857,116.311895,1224933304
1,40.013071,116.307687,1224933608
1,40.013808,116.306486,1224934199
1,40.013762,116.306629,1224976468
1,40.015166,116.311032,1224978005
1,40.015188,116.311775,1224978306
1,40.022824,116.307931,1224978608
1,40.029498,116.313803,1224978909
1,40.032181,116.313926,1224979209
1,40.070887,116.299294,1224979548
1,40.069395,116.330461,1224979848
1,40.074267,116.338905,1224980148
1,40.075252,116.341636,1224988597
1,40.074197,116.341917,1224988897
1,40.073897,116.338557,1224989197
1,40.069881,116.334235,1224989497
1,40.069756,116.331023,1224989798
1,40.069648,116.329966,1224990098
1,40.069563,116.32948,1224990398
1,40.059779,116.295807,1224990698
1,40.031749,116.314085,1224990998
1,39.993073,116.331535,1224991298
1,39.974834,116.333701,1224991602
1,39.976599,116.387014,1224992746
1,39.975631,116.383894,1224993050
1,39.977656,116.384182,1224993350
1,39.977673,116.384161,1224993650
1,39.977653,116.384147,1224993950
1,39.977643,116.384126,1224994250
1,39.977781,116.384413,1224995880
1,39.977738,116.384339,1224996180
1,39.97767,116.384295,1224996480
1,39.977667,116.384156,1224996780
1,39.977617,116.384093,1224997080
1,39.977649,116.383805,1225002485
1,39.975736,116.384378,1225002787
1,39.975625,116.385634,1225003087
1,39.975646,116.385651,1225003387
1,39.97548,116.375171,1225003688
1,39.975246,116.358976,1225003988
1,39.975168,116.338154,1225004289
1,39.975685,116.327267,1225004591
1,39.978113,116.326761,1225004895
1,39.97358,116.327144,1225008749
1,39.975824,116.327734,1225009050
1,39.975303,116.331437,1225009350
1,39.97546,116.33404,1225009651
1,39.990843,116.331694,1225009951
1,40.026493,116.316182,1225010251
1,40.031233,116.313834,1225010551
1,40.027699,116.308444,1225010852
1,40.018086,116.308344,1225011153
1,40.014666,116.305583,1225011455
1,40.013886,116.306355,1225015896
1,40.013814,116.306466,1225016196
1,40.013785,116.306491,1225016496
1,40.013774,116.306489,1225016796
1,40.013778,116.306489,1225017096
1,40.013795,116.306484,1225017396
1,40.013803,116.306501,1225017696
1,40.013802,116.306492,1225017996
1,40.013811,116.306502,1225018296
1,40.013814,116.306514,1225018596
1,40.013802,116.306509,1225018896
1,40.013809,116.306514,1225019196
1,40.013809,116.306535,1225019496
1,40.013809,116.306523,1225019796
1,40.013813,116.306506,1225020096
2,39.927938,116.338967,1224765923
2,39.926746,116.339127,1224766224
2,39.927155,116.339776,1224766527
2,39.927781,116.3418,1224766827
2,39.927779,116.341394,1224767132
2,39.927241,116.340575,1224767631
2,39.926945,116.340117,1224767935
2,39.926536,116.339195,1224768425
2,39.926328,116.338231,1224769059
2,39.926158,116.337516,1224769363
2,39.926138,116.3373,1224769777
2,39.926048,116.336736,1224770077
2,39.92612,116.337317,1224770577
2,39.926355,116.337657,1224770877
2,39.926243,116.337653,1224771177
2,39.926198,116.337401,1224771551
2,39.926223,116.337352,1224771851
2,39.92611,116.337354,1224772286
2,39.926134,116.337767,1224772740
2,39.926122,116.337457,1224773368
2,39.92619,116.337314,1224773668
2,39.926307,116.337815,1224773968
2,39.926588,116.338254,1224775415
2,39.926555,116.338435,1224775718
2,39.92619,116.337435,1224776021
2,39.926271,116.337615,1224776324
2,39.92698,116.338562,1224776802
2,39.927032,116.338454,1224777105
2,39.927057,116.338716,1224777660
2,39.927041,116.338894,1224777960
2,39.926069,116.338148,1224778262
2,39.925599,116.337784,1224778565
2,39.926318,116.338454,1224778874
2,39.926038,116.338153,1224779174
2,39.925969,116.338138,1224779474
2,39.926192,116.338362,1224779782
2,39.926273,116.338564,1224780257
2,39.926974,116.336419,1224806885
2,39.927408,116.337838,1224807189
2,39.923013,116.338642,1224807491
2,39.922138,116.347543,1224807794
2,39.899044,116.379078,1224808683
2,39.899454,116.384646,1224808985
2,39.902317,116.384334,1224809411
2,39.900882,116.386703,1224810145
2,39.901066,116.386477,1224810447
2,39.900909,116.386453,1224810766
2,39.900765,116.38639,1224811642
2,39.899183,116.385056,1224819815
2,39.899029,116.380552,1224820118
2,39.899082,116.37923,1224820418
2,39.899101,116.379325,1224820843
2,39.899075,116.379576,1224821538
2,39.899353,116.383813,1224821839
2,39.900567,116.386692,1224822142
2,39.900724,116.387115,1224824448
2,39.9007,116.386918,1224824748
2,39.900761,116.386837,1224825048
2,39.900833,116.386806,1224825350
2,39.900763,116.386736,1224825654
2,39.900712,116.386897,1224825955
2,39.899143,116.389468,1224826316
2,39.902584,116.384254,1224846683
2,39.89848,116.368716,1224846983
2,39.907079,116.350258,1224847283
2,39.953818,116.348963,1224847583
2,39.96623,116.323928,1224847883
2,39.966462,116.321905,1224853590
2,39.966991,116.327041,1224853891
2,39.967192,116.330005,1224854191
2,39.968315,116.329565,1224855099
2,39.970845,116.327834,1224855402
2,39.970889,116.327427,1224855702
2,39.970558,116.327607,1224856305
2,39.95641,116.328645,1224856608
2,39.948548,116.318051,1224856908
2,39.936572,116.329188,1224857209
2,39.927428,116.337665,1224857513
2,39.926112,116.337631,1224857813
2,39.925937,116.337199,1224859590
2,39.926142,116.337403,1224859893
2,39.926189,116.337152,1224860193
2,39.926299,116.33713,1224860493
2,39.926918,116.337387,1224861131
2,39.926257,116.337654,1224861434
2,39.926322,116.337102,1224861734
2,39.926439,116.337482,1224862035
2,39.926197,116.33729,1224862336
2,39.92644,116.337711,1224862639
2,39.926595,116.338153,1224863294
2,39.926569,116.337893,1224863597
2,39.927065,116.338726,1224864028
2,39.926182,116.337465,1224864328
2,39.926092,116.337862,1224864629
2,39.926469,116.337985,1224864930
2,39.927166,116.339062,1224865232
2,39.92672,116.338708,1224865532
2,39.926353,116.338059,1224865939
2,39.926377,116.338312,1224866366
2,39.92637,116.338172,1224866670
2,39.926313,116.338475,1224867173
2,39.926327,116.338495,1224867475
2,39.926333,116.337778,1224867835
2,39.926456,116.337476,1224868829
2,39.912583,116.346725,1224869276
2,39.927017,116.33763,1224896525
2,39.926167,116.336751,1224896897
2,39.924034,116.338466,1224902478
2,39.926334,116.333064,1224902780
2,39.925762,116.332958,1224903205
2,39.926468,116.333531,1224903505
2,39.92716,116.333307,1224904186
2,39.926857,116.333526,1224904486
2,39.926617,116.335767,1224908724
2,39.926146,116.336562,1224909024
2,39.926233,116.336553,1224909362
2,39.926183,116.337908,1224918455
2,39.926336,116.337565,1224918756
2,39.926156,116.337543,1224919060
2,39.926116,116.337532,1224919485
2,39.926189,116.336873,1224920420
2,39.926181,116.337062,1224920722
2,39.926093,116.336694,1224921025
2,39.926151,116.336127,1224921326
2,39.926148,116.335939,1224921628
2,39.926245,116.335801,1224921929
2,39.926211,116.335604,1224922230
2,39.927482,116.329375,1224922582
2,39.92651,116.33849,1224922909
2,39.927048,116.338287,1224923209
2,39.935516,116.337918,1224923512
2,39.938519,116.34363,1224923840
2,39.942513,116.344259,1224924141
2,39.948979,116.331106,1224924443
2,39.950705,116.318962,1224924743
2,39.963406,116.31624,1224925044
2,39.963499,116.301622,1224925463
2,39.974362,116.300007,1224925765
2,39.980665,116.299395,1224926069
2,39.98436,116.299748,1224926633
2,39.9779,116.301916,1224934530
2,39.977941,116.306373,1224934832
2,39.97796,116.309584,1224935134
2,39.97754,116.309825,1224937806
2,39.9753,116.310981,1224938106
2,39.966559,116.314541,1224938409
2,39.950792,116.317619,1224938710
2,39.934073,116.319343,1224939010
2,39.927118,116.327959,1224939311
2,39.92691,116.330996,1224939611
2,39.92528,116.333979,1224939912
2,39.92636,116.336719,1224940216
2,39.925508,116.3435,1224940522
2,39.925554,116.335042,1224942803
2,39.926113,116.337019,1224944537
2,39.926075,116.337496,1224944837
2,39.926148,116.337499,1224945140
2,39.926027,116.337244,1224945440
2,39.926187,116.337061,1224945742
2,39.92605,116.337878,1224946044
2,39.925793,116.335298,1224946399
2,39.926367,116.336141,1224988912
2,39.929211,116.337695,1224989213
2,39.937418,116.338297,1224989513
2,39.936179,116.337872,1224989815
2,39.929465,116.337815,1224990115
2,39.92198,116.347448,1224990416
2,39.921101,116.347368,1224990716
2,39.906291,116.20616,1224992780
2,39.906052,116.207029,1224993203
2,39.90612,116.207192,1224994173
2,39.900023,116.214548,1224994474
2,39.897187,116.208107,1224994793
2,39.90939,116.208032,1224995217
2,39.896724,116.208217,1224995517
2,39.895966,116.207997,1224995817
2,39.896319,116.20829,1224996119
2,39.896933,116.208139,1224996735
2,39.897728,116.208341,1224997035
2,39.89734,116.208296,1224997338
2,39.896968,116.208292,1224997641
2,39.896023,116.208297,1224997942
2,39.897132,116.208278,1224998248
2,39.898992,116.208062,1224998551
2,39.901901,116.208436,1224998854
2,39.902809,116.211278,1224999158
2,39.902694,116.208439,1224999461
2,39.906193,116.192909,1224999764
2,39.910032,116.180585,1225000064
2,39.923976,116.180426,1225000364
2,39.932356,116.177142,1225000664
2,39.934895,116.193572,1225000966
2,39.946786,116.191585,1225001270
2,39.953027,116.181756,1225001570
2,39.953979,116.179982,1225001870
2,39.955084,116.178668,1225002170
2,39.95563,116.177221,1225002470
2,39.956195,116.176567,1225003020
2,39.956349,116.17661,1225003323
2,39.956049,116.176629,1225003623
2,39.955897,116.177395,1225003923
2,39.956911,116.177047,1225004223
2,39.957423,116.176814,1225004523
2,39.957821,116.175966,1225005196
2,39.95757,116.175456,1225005496
2,39.957466,116.174859,1225005796
2,39.957005,116.174157,1225006096
2,39.957144,116.174243,1225007444
2,39.957374,116.173341,1225007744
2,39.958594,116.173248,1225008044
2,39.958648,116.173188,1225008344
2,39.959875,116.172236,1225008644
2,39.960719,116.172646,1225009149
2,39.960649,116.172449,1225009449
2,39.960806,116.17218,1225010519
2,39.960836,116.172872,1225010819
2,39.959349,116.172614,1225011119
2,39.957976,116.173141,1225011419
2,39.957268,116.173286,1225011719
2,39.957483,116.17479,1225012019
2,39.957177,116.177151,1225012319
2,39.955362,116.17792,1225012623
2,39.954358,116.179788,1225012923
2,39.952654,116.180945,1225013223
2,39.951281,116.181551,1225013793
2,39.946662,116.191416,1225014094
2,39.934196,116.193589,1225014395
2,39.930504,116.177706,1225014695
2,39.923827,116.180283,1225014996
2,39.909778,116.180525,1225015297
2,39.906105,116.193136,1225015598
2,39.90245,116.209472,1225015899
2,39.900071,116.208618,1225016203
2,39.899444,116.205162,1225016507
2,39.900147,116.205246,1225016811
2,39.89949,116.205273,1225017112
2,39.897439,116.20716,1225017416
2,39.896996,116.208388,1225017719
2,39.895871,116.208468,1225018086
2,39.897298,116.208237,1225018390
2,39.895257,116.208717,1225018694
2,39.896643,116.208408,1225018994
2,39.896922,116.208177,1225019878
2,39.89705,116.208324,1225020181
2,39.897128,116.208248,1225020481
3,39.999844,116.326752,1224784734
3,40.007425,116.320129,1224785034
3,40.007949,116.319499,1224785594
3,40.007732,116.319716,1224813747
3,40.003812,116.324269,1224814047
3,40.000021,116.327073,1224814347
3,39.998873,116.3268,1224819400
3,40.003481,116.322919,1224819700
3,40.004616,116.322365,1224820480
3,40.006092,116.325982,1224825185
3,40.007751,116.31967,1224825485
3,40.007803,116.319377,1224825900
3,40.00765,116.319816,1224831929
3,40.000189,116.321779,1224832229
3,39.999762,116.327319,1224840391
3,39.994394,116.326705,1224840693
3,39.991896,116.326448,1224842860
3,39.996367,116.326671,1224843161
3,40.000295,116.327178,1224843461
3,40.000783,116.327047,1224846503
3,39.99903,116.326548,1224846820
3,39.999954,116.327133,1224847165
3,39.997012,116.326978,1224847465
3,39.993456,116.326988,1224847765
3,39.991615,116.329622,1224848065
3,39.991505,116.329573,1224848968
3,39.992769,116.326818,1224849268
3,39.995867,116.326783,1224849568
3,39.99944,116.327149,1224849872
3,40.000535,116.32737,1224876594
3,40.002407,116.324482,1224876894
3,40.006834,116.324216,1224877194
3,40.007724,116.319808,1224877494
3,40.007986,116.31949,1224878029
3,40.007617,116.319555,1224899605
3,40.004686,116.315081,1224899905
3,39.999021,116.31653,1224900205
3,40.000945,116.320958,1224900565
3,40.000976,116.321528,1224906061
3,40.004476,116.322248,1224906361
3,40.004301,116.32211,1224906841
3,40.00429,116.322135,1224907141
3,40.004352,116.322379,1224907476
3,40.00206,116.321479,1224907776
3,39.997332,116.326696,1224911067
3,39.995201,116.326444,1224911398
3,39.986911,116.326459,1224911698
3,39.981201,116.324596,1224911998
3,39.981338,116.325152,1224912412
3,39.957388,116.336523,1224931343
3,39.958232,116.328946,1224931643
3,39.966757,116.328203,1224931943
3,39.975867,116.327745,1224932243
3,39.98604,116.327217,1224932543
3,39.994079,116.326895,1224932843
3,40.000645,116.321801,1224933143
3,40.000901,116.321622,1224933768
3,40.006835,116.321028,1224934068
3,40.007142,116.320739,1224935322
3,40.006853,116.321021,1224935623
3,40.004729,116.321117,1224935923
3,40.002606,116.315627,1224936223
3,40.000649,116.314356,1224936668
3,40.00127,116.314741,1224938727
3,39.998683,116.310037,1224939030
3,39.998757,116.316253,1224939330
3,40.003752,116.322217,1224939630
3,40.000795,116.327152,1224939930
3,39.998361,116.328303,1224959094
3,40.006424,116.324217,1224959394
3,40.007808,116.320117,1224995975
3,40.000416,116.321697,1224996275
3,40.000165,116.327669,1224998399
3,39.99504,116.321165,1224998700
3,39.991777,116.320379,1225001984
3,39.996151,116.323534,1225002285
3,39.999996,116.32744,1225002585
3,39.999169,116.326437,1225014639
3,39.993885,116.32672,1225014939
3,39.991243,116.329712,1225015239
3,39.990926,116.328469,1225015724
3,39.99157,116.32983,1225017377
3,39.989727,116.326764,1225017679
3,39.982703,116.327043,1225017979
3,39.973726,116.327498,1225018279
3,39.968463,116.327623,1225018581
3,39.965919,116.325329,1225018881
3,39.965679,116.319897,1225019181
3,39.964183,116.316667,1225019481
3,39.964392,116.316479,1225022808
3,39.96894,116.315699,1225023109
3,39.971392,116.315683,1225023409
3,39.971433,116.315737,1225024029
3,39.971565,116.315864,1225027990
3,39.970622,116.318475,1225028290
3,39.970727,116.318449,1225028595
4,39.999974,116.327149,1224784732
4,40.007344,116.320108,1224785033
4,40.01095,116.321433,1224813294
4,40.00818,116.320677,1224813939
4,40.000801,116.326992,1224814239
4,39.999494,116.326842,1224840459
4,39.993284,116.327061,1224840759
4,39.991574,116.326909,1224842862
4,39.996281,116.326552,1224843164
4,40.000257,116.327756,1224846818
4,39.999667,116.327112,1224847240
4,39.996118,116.326667,1224847540
4,39.992484,116.327114,1224847842
4,39.992064,116.32957,1224848921
4,39.992537,116.327055,1224849221
4,39.995705,116.326785,1224849521
4,39.999105,116.32666,1224849822
4,40,116.327476,1224850124
4,39.999757,116.326968,1224863939
4,40.003933,116.321855,1224864239
4,40.006136,116.320769,1224910675
4,39.999619,116.327155,1224910977
4,39.995037,116.326495,1224911412
4,39.986542,116.326802,1224911712
4,39.981219,116.324336,1224912012
4,39.980901,116.325746,1224926256
4,39.984225,116.326852,1224926556
4,39.987,116.326715,1224926856
4,39.993759,116.326771,1224927156
4,40.000072,116.327324,1224927456
4,39.999542,116.327439,1224928590
4,40.004932,116.324316,1224928892
4,40.010125,116.321917,1224930330
4,40.005746,116.324267,1224930631
4,40.001601,116.324482,1224930931
4,39.99915,116.327961,1224959072
4,40.005305,116.324256,1224959372
4,40.010171,116.322132,1225003717
4,40.002934,116.32468,1225004017
4,39.999952,116.327422,1225005218
4,39.991912,116.32688,1225005518
4,39.991069,116.320761,1225007870
4,39.996322,116.324226,1225008171
4,39.999371,116.32729,1225010392
4,39.993564,116.326694,1225010693
4,39.991736,116.331734,1225011248
4,39.967632,116.412249,1225012813
4,39.967076,116.41546,1225013498
4,39.968243,116.415284,1225013798
4,39.967873,116.414765,1225028017
5,40.004155,116.321337,1224821550
5,39.999584,116.326074,1224821850
5,39.999007,116.326802,1224837036
5,39.991774,116.326553,1224837336
5,39.982361,116.326955,1224837636
5,39.974195,116.327366,1224837936
5,39.966505,116.327793,1224838236
5,39.966077,116.336263,1224838536
5,39.966002,116.346324,1224838836
5,39.966017,116.354473,1224839136
5,39.961644,116.359934,1224839436
5,39.959032,116.360633,1224839770
5,39.95906,116.360866,1224840875
5,39.958982,116.360717,1224841175
5,39.958941,116.360768,1224841475
5,39.958706,116.360712,1224841775
5,39.957856,116.360105,1224842075
5,39.957999,116.356584,1224842870
5,39.957951,116.356656,1224843170
5,39.957967,116.356753,1224843640
5,39.957582,116.356612,1224843940
5,39.957693,116.356719,1224844370
5,39.957888,116.356705,1224844670
5,39.957883,116.356637,1224845155
5,39.957826,116.356683,1224845455
5,39.957626,116.35674,1224845975
5,39.957699,116.356704,1224846276
5,39.957917,116.35647,1224846813
5,39.957868,116.356757,1224847113
5,39.957903,116.356435,1224847913
5,39.95803,116.357258,1224848217
5,39.957451,116.356654,1224848897
5,39.957577,116.357364,1224849197
5,39.957592,116.356524,1224849562
5,39.957656,116.356498,1224849862
5,39.956972,116.356803,1224850162
5,39.956952,116.356687,1224850462
5,39.957063,116.356789,1224850812
5,39.957289,116.356484,1224851112
5,39.957191,116.356597,1224851412
5,39.9572,116.356721,1224851712
5,39.957553,116.356732,1224852012
5,39.957841,116.356238,1224852312
5,39.957905,116.356627,1224852612
5,39.957178,116.356486,1224852912
5,39.95708,116.356533,1224853212
5,39.956486,116.355974,1224853552
5,39.956824,116.356156,1224853852
5,39.956901,116.356537,1224854152
5,39.956433,116.356184,1224854452
5,39.956601,116.356115,1224854752
5,39.957225,116.356685,1224855052
5,39.957714,116.356809,1224855352
5,39.95749,116.356792,1224855792
5,39.957108,116.356306,1224856362
5,39.957225,116.356954,1224856907
5,39.957207,116.356864,1224857207
5,39.958421,116.361684,1224857510
5,39.959434,116.360311,1224857813
5,39.961491,116.359646,1224858113
5,39.961423,116.35693,1224858413
5,39.962204,116.354915,1224858713
5,39.963805,116.35382,1224859013
5,39.963748,116.350625,1224859313
5,39.963822,116.348784,1224859613
5,39.970628,116.348402,1224859913
5,39.975225,116.345808,1224860213
5,39.974694,116.34245,1224860513
5,39.975252,116.339575,1224860813
5,39.976684,116.339363,1224861113
5,39.976733,116.337585,1224861413
5,39.976287,116.336208,1224861713
5,39.975912,116.336661,1224862013
5,39.979917,116.334827,1224862313
5,39.987594,116.334515,1224862613
5,39.991766,116.330336,1224862913
5,39.996526,116.326747,1224863213
5,40.002948,116.324312,1224863513
5,40.010082,116.32226,1224863813
5,39.999075,116.326664,1224908228
5,40.00001,116.326098,1224908528
5,40.004097,116.322404,1224908828
5,40.004311,116.322429,1224909128
5,40.003486,116.322314,1224909428
5,40.004945,116.32229,1224909728
5,40.010682,116.320429,1224910028
5,40.01102,116.321848,1224943469
5,40.005971,116.324199,1224943769
5,40.006688,116.320783,1224944069
5,40.001903,116.321584,1224944369
5,39.997724,116.326246,1224944669
5,39.994054,116.326704,1224945289
5,39.987255,116.326707,1224945589
5,39.978933,116.327164,1224945889
5,39.974924,116.333222,1224946189
5,39.976882,116.339264,1224946489
5,39.976656,116.337222,1224946789
5,39.976864,116.336252,1224947289
5,39.976623,116.336298,1224947589
5,39.979831,116.33481,1224947889
5,39.988461,116.33424,1224948189
5,39.991972,116.327034,1224948489
5,39.999897,116.327332,1224948789
5,39.997622,116.328216,1224958764
5,40.005458,116.324841,1224959064
5,40.011208,116.321511,1224959365
5,39.99611,116.326599,1225014266
5,39.992891,116.327139,1225016186
5,39.99827,116.326817,1225016486
5,40.001671,116.320466,1225016786
5,40.000371,116.326835,1225017716
5,40.000308,116.326969,1225018016
5,40.000592,116.326978,1225018316
5,40.000779,116.326864,1225019051
5,40.000702,116.326988,1225019351
5,40.000654,116.327177,1225022716
5,40.000514,116.326967,1225023016
5,40.000621,116.326991,1225023316
5,40.000621,116.326896,1225023616
5,40.000689,116.326895,1225023916
5,40.000774,116.326948,1225024216
5,40.000813,116.32702,1225024516
5,40.000761,116.326898,1225024816
5,40.000786,116.326959,1225025116
5,40.000776,116.327024,1225025416
5,40.000945,116.327146,1225025716
5,40.000676,116.327026,1225026041
5,40.000849,116.327111,1225026506
5,40.000536,116.32697,1225027041
5,40.000809,116.32707,1225027341
6,39.984071,116.320147,1224745179
6,39.983929,116.321101,1224745480
6,39.984234,116.324645,1224745780
6,39.98516,116.339276,1224746080
6,39.982627,116.338034,1224746380
6,39.981578,116.341253,1224845048
6,39.981985,116.345164,1224845348
6,39.98149,116.34736,1224845648
6,39.969994,116.346885,1224845948
6,39.954925,116.348218,1224846248
6,39.939113,116.349168,1224846548
6,39.924468,116.349877,1224846848
6,39.913578,116.350274,1224847148
6,39.902559,116.350199,1224847448
6,39.893767,116.342104,1224847748
6,39.888025,116.351101,1224848048
6,39.887674,116.36749,1224848348
6,39.885596,116.378706,1224848648
6,39.884925,116.392118,1224848948
6,39.884582,116.413602,1224849248
6,39.975547,116.34658,1224852165
6,39.9789,116.347641,1224852466
6,39.982707,116.347208,1224852766
6,39.979598,116.338674,1224910680
6,39.976559,116.339495,1224910980
6,39.975372,116.338133,1224911280
6,39.974971,116.338364,1224912030
6,39.975201,116.329944,1224912330
6,39.975332,116.325866,1224912630
6,39.974646,116.31342,1224912930
6,39.974511,116.302617,1224913230
6,39.965361,116.301025,1224913530
6,39.955892,116.302607,1224913830
6,39.943861,116.303702,1224914130
6,39.931384,116.303831,1224914430
6,39.921421,116.303846,1224914730
6,39.904795,116.303559,1224915030
6,39.887028,116.303869,1224915330
6,39.865588,116.305699,1224915630
6,39.866566,116.325898,1224915930
6,39.86337,116.325035,1224916230
6,39.861309,116.326373,1224916530
6,39.85982,116.325757,1224916830
6,39.866892,116.32622,1224924265
6,39.86591,116.326223,1224924565
6,39.866697,116.33902,1224924865
6,39.87192,116.344817,1224925165
6,39.876661,116.352234,1224925465
6,39.877,116.367834,1224925765
6,39.883533,116.368354,1224926065
6,39.895156,116.368448,1224926365
6,39.900367,116.367962,1224926665
6,39.906316,116.367584,1224926965
6,39.910312,116.367512,1224927265
6,39.917181,116.36737,1224927565
6,39.922593,116.367774,1224927865
6,39.922503,116.35932,1224928165
6,39.93314,116.34951,1224928465
6,39.950817,116.349441,1224928765
6,39.966452,116.348728,1224929065
6,39.966466,116.342277,1224929365
6,39.966092,116.332872,1224929665
6,39.966876,116.329938,1224929965
6,39.974781,116.336904,1224930265
6,39.97546,116.336841,1224930565
6,39.976975,116.339539,1224935035
6,39.979311,116.338697,1224935335
6,39.981397,116.340057,1224935732
6,39.97947,116.341667,1224936035
6,39.977606,116.344848,1224936484
6,39.967653,116.353289,1224936804
6,39.976203,116.34608,1224937104
6,39.978437,116.346213,1224937404
6,39.97995,116.34396,1224937704
6,39.981323,116.340368,1224938069
7,39.980202,116.345398,1224944520
7,39.966585,115.984887,1224987384
7,39.964134,115.983502,1224987684
7,39.961006,115.98217,1224987984
7,39.959547,115.981333,1224988284
7,39.956901,115.979178,1224988584
7,39.955402,115.977155,1224988884
7,39.952971,115.976474,1224989184
7,39.95157,115.976857,1224989484
7,39.950213,115.975024,1224989784
7,39.947758,115.974767,1224990084
7,39.946939,115.975783,1224990384
7,39.94585,115.976697,1224990684
7,39.944687,115.977189,1224991284
7,39.944541,115.978082,1224991584
7,39.945571,115.979533,1224991884
7,39.945738,115.982026,1224992184
7,39.945995,115.983185,1224992484
7,39.944786,115.982998,1224992784
7,39.944412,115.981424,1224993084
7,39.943286,115.982198,1224993384
7,39.942153,115.981497,1224993684
7,39.941689,115.981234,1224993984
7,39.943345,115.982521,1224994284
7,39.943211,115.983551,1224994584
7,39.942025,115.985414,1224994884
7,39.94038,115.986755,1224995184
7,39.941287,115.986954,1224995484
7,39.940924,115.987771,1224995879
7,39.941057,115.987795,1224998774
7,39.940985,115.987747,1224999074
7,39.941215,115.989031,1224999374
7,39.940982,115.987692,1224999674
7,39.940537,115.989146,1224999974
7,39.939295,115.987485,1225000274
7,39.939265,115.984891,1225000574
7,39.937735,115.983794,1225000874
7,39.935822,115.984088,1225001174
7,39.935241,115.986176,1225001474
7,39.933898,115.986239,1225001774
7,39.933759,115.987044,1225002074
7,39.93318,115.987958,1225002374
7,39.931537,115.988156,1225002674
7,39.929773,115.988773,1225002974
7,39.929565,115.989508,1225003374
7,39.929052,115.990936,1225003674
7,39.928387,115.991363,1225003974
7,39.927536,115.992709,1225004274
7,39.926522,115.992752,1225004574
7,39.927256,115.994916,1225005059
7,39.926697,115.996058,1225005359
7,39.926363,115.998213,1225005659
7,39.925488,115.998684,1225005959
7,39.925029,115.998701,1225006304
7,39.925093,115.998483,1225006604
7,39.925194,115.998579,1225007199
7,39.926068,115.999215,1225007499
7,39.926427,115.999583,1225008034
7,39.925954,116.000145,1225008334
7,39.92585,116.001014,1225008634
7,39.926166,116.002369,1225008934
7,39.926111,116.003959,1225009234
7,39.925461,116.006541,1225009534
7,39.92495,116.008596,1225009834
7,39.925388,116.010402,1225010134
7,39.92585,116.013147,1225010434
7,39.926765,116.014999,1225010734
7,39.92729,116.015009,1225011034
7,39.927884,116.017084,1225011334
7,39.928462,116.021125,1225011634
7,39.927636,116.024365,1225011934
7,39.927921,116.026429,1225012234
7,39.927732,116.029589,1225012534
7,39.928942,116.032263,1225012834
7,39.928404,116.034193,1225013229
7,39.928235,116.03823,1225013529
7,39.92863,116.040106,1225013829
7,39.927298,116.044147,1225014129
7,39.927808,116.048282,1225014429
7,39.927924,116.052589,1225014729
7,39.928571,116.056708,1225015029
7,39.937603,116.072335,1225015329
7,39.906304,116.186602,1225018901
7,39.906467,116.186456,1225019202
7,39.90708,116.186543,1225019502
7,39.907121,116.186616,1225019802
7,39.9072,116.186487,1225020302
7,39.907357,116.18645,1225020602
7,39.906923,116.186534,1225021022
7,39.907226,116.186298,1225021322
7,39.907243,116.186467,1225021982
7,39.90742,116.186331,1225022282
7,39.907112,116.186452,1225022582
7,39.90754,116.186118,1225023182
7,39.906112,116.186289,1225023482
8,39.981166,116.331096,1224848914
8,39.980829,116.328248,1224849214
8,39.98186,116.327554,1224849514
8,39.976736,116.327472,1224849818
8,39.967768,116.327953,1224850118
8,39.966438,116.319358,1224850729
8,39.965416,116.317751,1224851032
8,39.965612,116.316956,1224854119
8,39.965575,116.317353,1224854421
8,39.966053,116.326797,1224854723
8,39.96609,116.330543,1224854784
8,39.966229,116.348824,1224855084
8,39.964831,116.360752,1224855385
8,39.962858,116.362093,1224855687
8,39.960483,116.362102,1224855988
8,39.95663,116.358013,1224856288
8,39.975137,116.340013,1224856588
8,39.981499,116.327602,1224856888
8,39.982066,116.329391,1224907894
8,39.981259,116.328745,1224908195
8,39.979994,116.327628,1224908497
8,39.974932,116.317209,1224908797
8,39.97444,116.304196,1224909098
8,39.974637,116.301077,1224909400
8,39.97409,116.299978,1224909701
8,39.974568,116.301126,1224910001
8,39.974185,116.300447,1224910400
8,39.974232,116.300565,1224910824
8,39.974188,116.300872,1224911124
8,39.974321,116.300697,1224911538
8,39.974199,116.299939,1224911840
8,39.974266,116.300402,1224912140
8,39.974472,116.300865,1224912614
8,39.974325,116.300803,1224912917
8,39.97456,116.300679,1224913584
8,39.974581,116.30084,1224913887
8,39.974467,116.300907,1224914190
8,39.974702,116.300793,1224915331
8,39.974747,116.302064,1224915633
8,39.974385,116.303838,1224915935
8,39.974569,116.305988,1224916236
8,39.974645,116.30915,1224916536
8,39.974586,116.312498,1224916839
8,39.975056,116.313682,1224917141
8,39.980849,116.327293,1224917441
8,39.981543,116.329382,1224917741
8,39.981976,116.329134,1224918154
8,39.981261,116.328275,1224931865
8,39.978445,116.329009,1224932167
8,39.976181,116.33174,1224932468
8,39.975221,116.335129,1224932771
8,39.975305,116.337635,1224933117
8,39.97531,116.337991,1224933709
8,39.975127,116.341686,1224934009
8,39.984832,116.337894,1224934313
8,39.98685,116.396481,1224934613
8,39.991432,116.417812,1224934916
8,40.000214,116.416941,1224935216
8,39.999562,116.418744,1224975125
8,39.987567,116.415073,1224975425
8,39.985629,116.34651,1224975725
8,39.981409,116.32874,1224976029
8,39.979984,116.324016,1225000774
8,39.981764,116.321058,1225001074
8,39.981789,116.320567,1225003222
8,39.979945,116.326714,1225003523
8,39.980406,116.33114,1225003824
8,39.97948,116.330161,1225004157
8,39.984719,116.33128,1225004466
8,39.980973,116.33149,1225005908
8,39.98207,116.328933,1225020450
8,39.976849,116.328972,1225020751
8,39.975137,116.329889,1225021140
8,39.975174,116.350229,1225021440
8,39.975331,116.362903,1225021740
8,39.961391,116.364495,1225022040
8,39.959939,116.361707,1225022341
8,39.959806,116.361961,1225022840
8,39.959916,116.361155,1225023142
8,39.958484,116.360316,1225023443
8,39.956553,116.36071,1225023746
8,39.955459,116.359153,1225024047
8,39.953839,116.357609,1225024535
8,39.953872,116.357797,1225024838
8,39.954699,116.357987,1225025165
8,39.952576,116.355407,1225025692
8,39.9524,116.355364,1225026004
8,39.952506,116.355345,1225026657
8,39.95287,116.355401,1225026957
8,39.954123,116.357459,1225027257
9,40.05015,116.300418,1224843335
9,40.05184,116.299467,1224843638
9,40.045462,116.300081,1224844956
9,40.044054,116.298394,1224845370
9,40.047026,116.301272,1224845670
9,40.050245,116.300678,1224845974
9,40.033618,116.313327,1224846274
9,39.999145,116.331341,1224846574
9,39.992864,116.331178,1224846874
9,39.999265,116.336952,1224847174
9,40.001943,116.342901,1224848326
9,40.003152,116.343778,1224909544
9,40.001998,116.342835,1224909845
9,40.001813,116.342676,1224910145
9,40.001456,116.342928,1224910448
9,40.001194,116.34281,1224910752
9,39.999756,116.345156,1224911053
9,39.999354,116.346923,1224912497
9,39.999812,116.344399,1224912797
9,40.002039,116.342892,1224913098
9,40.004086,116.342524,1224913540
9,40.002663,116.343895,1224914047
9,40.004091,116.344049,1224930683
9,40.002871,116.342896,1224931892
9,40.002842,116.343726,1224932504
9,40.003001,116.343863,1224996485
9,40.001754,116.342629,1224997480
9,40.001465,116.342966,1224997780
9,40.0017,116.342915,1224998081
9,39.999744,116.342208,1224998381
9,39.999593,116.338584,1224998683
9,40.000925,116.336903,1224998986
9,40.001954,116.338031,1224999289
9,40.001881,116.340205,1224999592
9,39.999922,116.34011,1224999892
9,39.999723,116.341157,1225000195
9,40.001173,116.342817,1225000495
9,40.002695,116.34379,1225000797
9,40.002848,116.343848,1225001242
9,40.002438,116.344031,1225019404
9,40.002173,116.342906,1225019704
9,40.002404,116.34296,1225020044
9,40.002177,116.342728,1225020346
9,40.001755,116.342896,1225020678
9,39.999842,116.342464,1225020982
9,39.99965,116.343724,1225021282
9,39.999592,116.342283,1225021582
9,40.001496,116.342926,1225021885
9,40.003266,116.342916,1225022188
9,40.004567,116.343537,1225022566
